구분,지정번호,업체명,매장명,지정기간,주소,위도,경도
대형,제001호,이마트,성수점,2020-11-14 ~ 2023-11-13,서울특별시 성동구 뚝섬로 379,37.5399389,127.0531674
대형,제002호,이마트,연수점,2020-11-14 ~ 2023-11-13,인천광역시 연수구 동춘동 926-9,37.4041584,126.681106
대형,제003호,이마트,고잔점,2020-11-14 ~ 2023-11-13,경기도 안산시 단원구 원포공원1로 46,37.3031255,126.812847
대형,제004호,이마트,산본점,2020-11-14 ~ 2023-11-13,경기도 군포시 산본로 347,37.3610506,126.9314088
대형,제013호,갤러리아백화점,타임월드점,2020-11-14 ~ 2023-11-13,대전광역시 서구 둔산동 대덕대로 211,36.352308,127.3785493
대형,제014호,갤러리아백화점,센터시티점,2020-11-14 ~ 2023-11-13,충청남도 천안시 서북구 공원로 227,36.8004515,127.1046804
대형,제016호,갤러리아백화점,명품관,2020-11-14 ~ 2023-11-13,서울특별시 강남구 압구정로 343,37.5284665,127.0400798
대형,제028호,이마트,가양점,2020-12-27 ~ 2023-12-26,서울특별시 강서구 양천로 559,37.5578966,126.8622978
대형,제029호,이마트,광명소하점,2020-12-27 ~ 2023-12-26,경기도 광명시 소하동 소하로 97,37.446547,126.8844653
대형,제030호,이마트,서수원점,2020-12-27 ~ 2023-12-26,경기도 수원시 권선구 수인로 291,37.2825088,126.9701183
대형,제031호,이마트,성남점,2020-12-27 ~ 2023-12-26,경기도 성남시 수정구 수정로 201,37.4442613,127.1413754
대형,제032호,이마트,영등포점,2020-12-27 ~ 2023-12-26,서울특별시 영등포구 영중로 15,37.517007,126.9041419
대형,제033호,이마트,은평점,2020-12-27 ~ 2023-12-26,서울특별시 은평구 응암1동 90-1,37.6003893,126.9202568
대형,제034호,이마트,제천점,2020-12-27 ~ 2023-12-26,충청북도 제천시 장평천로 11,37.1231363,128.2228903
대형,제035호,이마트,중동점,2020-12-27 ~ 2023-12-26,경기도 부천시 석천로 188,37.5040222,126.7639393
대형,제036호,이마트,청계천점,2020-12-27 ~ 2023-12-26,서울특별시 중구 청계천로 400,37.5708733,127.0213284
대형,제041호,이마트,성서점,2021-03-01 ~ 2024-02-28,대구광역시 달서구 이곡동 이곡동로 24,35.8533378,128.5101866
대형,제042호,이마트,화정점,2021-03-01 ~ 2024-02-28,경기도 고양시 덕양구 백양로 79,37.632646,126.8333839
대형,제043호,롯데마트,마석점,2021-03-01 ~ 2024-02-28,경기도 남양주시 화도읍 경춘로 1992,37.650166,127.3093975
대형,제047호,롯데마트,사상점,2021-05-30 ~ 2024-05-29,부산광역시 사상구 낙동대로 733,35.1270921,128.9685302
대형,제048호,이마트,보령점,2021-05-30 ~ 2024-05-29,충청남도 보령시 궁촌동 340-1,36.3439697,126.5888748
대형,제049호,이마트,울산점,2021-05-30 ~ 2024-05-29,울산광역시 남구 남중로 48,35.5380178,129.3483974
대형,제050호,롯데마트,동두천점,2021-05-30 ~ 2024-05-29,경기도 동두천시 송내동 529,37.8809019,127.052276
대형,제051호,롯데마트,(전주)송천점,2021-05-30 ~ 2024-05-29,전라북도 전주시 덕진구 송천중앙로 82,35.8545668,127.120503
대형,제052호,롯데마트,전주점,2021-05-30 ~ 2024-05-29,전라북도 전주시 완산구 우전로 240,35.8163187,127.1025147
대형,제054호,롯데마트,진장점,2021-05-30 ~ 2024-05-29,울산광역시 북구 진장유통로 64,35.5760993,129.359324
대형,제055호,롯데마트,구미점,2021-05-30 ~ 2024-05-29,경상북도 구미시 구미대로22길 11,36.1137596,128.3653763
대형,제057호,롯데마트,동래점,2021-05-30 ~ 2024-05-29,부산광역시 동래구 중앙대로 1393,35.2114828,129.0776055
대형,제060호,롯데마트,웅상점,2021-05-30 ~ 2024-05-29,경상남도 양산시 삼호1길 34,35.4127076,129.1670202
대형,제061호,롯데마트,여수점,2021-11-09 ~ 2024-11-08,전라남도 여수시 선원동 1268-2,34.7771107,127.6513144
대형,제062호,갤러리아백화점,진주점,2021-11-09 ~ 2024-11-08,경상남도 진주시 평안동 진주대로 1095,35.1967135,128.0823743
대형,제063호,이마트,남양주점,2021-11-09 ~ 2024-11-08,경기도 남양주시 호평동 늘을2로 27,37.6549733,127.2430664
대형,제064호,이마트,만촌점,2021-11-09 ~ 2024-11-08,대구광역시 수성구 만촌1동 동원로 136,35.8711227,128.6372145
대형,제065호,이마트,반야월점,2021-11-09 ~ 2024-11-08,대구광역시 동구 신서동 520-1,35.8708661,128.7274592
대형,제066호,이마트,상봉점,2021-11-09 ~ 2024-11-08,서울특별시 중랑구 망우동 상봉로 118,37.596438,127.0935903
대형,제067호,이마트,수지점,2021-11-09 ~ 2024-11-08,경기도 용인시 수지구 수지로 203,37.3196884,127.0833256
대형,제068호,이마트,여주점,2021-11-09 ~ 2024-11-08,경기도 여주군 시 세종로 151,37.2844549,127.6354062
대형,제070호,이마트,죽전점,2021-11-09 ~ 2024-11-08,경기도 용인시 수지구 포은대로 552,37.3252976,127.1100001
대형,제071호,이마트,흥덕점,2021-11-09 ~ 2024-11-08,경기도 용인시 기흥구 흥덕중앙로 60,37.2757153,127.0733398
대형,제072호,이마트,구미점,2021-11-09 ~ 2024-11-08,경상북도 구미시 구미대로 256,36.1094691,128.3649177
중소형,제076호,초록마을,개포직영점,2021-12-13 ~ 2024-12-12,서울특별시 강남구 개포동 186-9,37.4889386,127.0682415
중소형,제078호,초록마을,동백직영점,2021-12-13 ~ 2024-12-12,경기도 용인시 기흥구 동백동 평촌2로1번길 4-9,37.2812183,127.1527193
중소형,제079호,초록마을,보정직영점,2021-12-13 ~ 2024-12-12,경기도 용인시 기흥구 죽전로 17,37.3207268,127.1107704
중소형,제082호,초록마을,신천역직영점,2021-12-13 ~ 2024-12-12,서울특별시 송파구 석촌호수로 61,37.5106681,127.0861994
중소형,제085호,초록마을,잠실나루역직영점,2021-12-13 ~ 2024-12-12,서울특별시 송파구 신천동,37.5200705,127.0995
중소형,제087호,초록마을,토평직영점,2021-12-13 ~ 2024-12-12,경기도 구리시 수택동 849,37.5915475,127.1393781
중소형,제088호,초록마을,화정직영점,2021-12-13 ~ 2024-12-12,경기도 고양시 덕양구 화정동 1002-3,37.6304816,126.8315428
대형,제090호,롯데마트,덕소점,2021-12-13 ~ 2024-12-12,경기도 남양주시 와부읍 덕소리 501-3,37.5846917,127.2144896
대형,제091호,롯데마트,삼산점,2021-12-13 ~ 2024-12-12,인천광역시 부평구 길주로 623,37.507846,126.7320431
대형,제092호,롯데마트,오산점,2021-12-13 ~ 2024-12-12,경기도 오산시 경기대로 271,37.1494108,127.0730348
대형,제100호,롯데마트,김포공항점,2021-12-13 ~ 2024-12-12,서울특별시 강서구 방화2동 하늘길 38,37.5667733,126.8025118
대형,제101호,롯데마트,대덕점,2021-12-13 ~ 2024-12-12,대전광역시 유성구 관평동 887,36.4268249,127.3869077
대형,제105호,이마트,월배점,2022-02-28 ~ 2025-02-27,대구광역시 달서구 진천로 92,35.817143,128.5236661
대형,제106호,이마트,목동점,2022-02-28 ~ 2025-02-27,서울특별시 양천구 오목로 299,37.5257763,126.8703272
중소형,제111호,초록마을,옥수점,2019-05-29 ~ 2022-05-28,서울특별시 성동구 옥수동 523-4번지 1층,37.5440476,127.0148318
중소형,제112호,초록마을,정자카페거리점,2019-05-29 ~ 2022-05-28,경기도 성남시 분당구 정자동 12-1 KR 일부 번지 백궁지엔느주차전용빌딩 111 112 113호,37.3705055,127.1057126
중소형,제131호,초록마을,광장직영점,2019-10-08 ~ 2022-10-07,서울특별시 광진구 구의동 200-15 1층,37.5406924,127.0946718
중소형,제132호,초록마을,귀인직영점,2019-10-08 ~ 2022-10-07,내손동 842번지 105호 106호 107호 의왕시 경기도 KR,37.4865038,126.7815767
중소형,제133호,초록마을,길음직영점,2019-10-08 ~ 2022-10-07,서울특별시 성북구 길음동 1284,37.6075197,127.018009
중소형,제134호,초록마을,김포장기직영점,2019-10-08 ~ 2022-10-07,경기도 김포시 장기동 1617,37.6441006,126.667035
중소형,제135호,초록마을,남성역직영점,2019-10-08 ~ 2022-10-07,서울특별시 동작구 사당동 252-17,37.4843751,126.9723299
중소형,제137호,초록마을,남양주별내직영점,2019-10-08 ~ 2022-10-07,경기도 남양주시 별내동 826-9,37.6662792,127.1133146
중소형,제140호,초록마을,동판교직영점,2019-10-08 ~ 2022-10-07,경기도 성남시 분당구 판교동,37.3897387,127.1017312
중소형,제141호,초록마을,둔산직영점,2019-10-08 ~ 2022-10-07,대전광역시 서구 둔산3동 1822,36.3510151,127.3978173
중소형,제142호,초록마을,마포직영점,2019-10-08 ~ 2022-10-07,서울특별시 마포구 삼개로 27,37.5379063,126.9475962
중소형,제143호,초록마을,반포직영점,2019-10-08 ~ 2022-10-07,서울특별시 서초구 반포동 18-4,37.5030493,126.9956925
중소형,제144호,초록마을,산곡직영점,2019-10-08 ~ 2022-10-07,인천광역시 부평구 산곡동 124-25,37.5061119,126.7084671
중소형,제145호,초록마을,산본직영점,2019-10-08 ~ 2022-10-07,경기도 군포시 산본동 206-1,37.372032,126.936118
중소형,제148호,초록마을,서래마을직영점,2019-10-08 ~ 2022-10-07,서울특별시 서초구 반포4동 89-5,37.496158,126.998344
중소형,제149호,초록마을,서현역직영점,2019-10-08 ~ 2022-10-07,경기도 성남시 분당구 서현동 89 104호,37.3831046,127.1254852
중소형,제150호,초록마을,송도직영점,2019-10-08 ~ 2022-10-07,인천광역시 연수구 송도동,37.3839118,126.6438546
중소형,제151호,초록마을,수원매탄직영점,2019-10-08 ~ 2022-10-07,경기도 수원시 영통구 매탄동 인계로220번길 6-3,37.2646595,127.0412693
중소형,제152호,초록마을,쌍용직영점,2019-10-08 ~ 2022-10-07,충청남도 천안시 서북구 쌍용3동 1542,36.8029915,127.1192547
중소형,제153호,초록마을,언남직영점,2019-10-08 ~ 2022-10-07,경기도 용인시 기흥구 언남동,37.2955753,127.1277974
중소형,제154호,초록마을,여의도직영점,2019-10-08 ~ 2022-10-07,여의도동 41-1번지 대교상가 111호 영등포구 서울특별시 KR,37.5293136,126.8751264
중소형,제156호,초록마을,우면직영점,2019-10-08 ~ 2022-10-07,서울특별시 서초구 서초동,37.4876872,127.0174271
중소형,제157호,초록마을,은평직영점,2019-10-08 ~ 2022-10-07,서울특별시 은평구 진관동 12,37.6449369,126.9275838
중소형,제158호,초록마을,전민직영점,2019-10-08 ~ 2022-10-07,서울특별시 성동구 금호동1가 1755,37.5516256,127.0257166
중소형,제159호,초록마을,중계직영점,2019-10-08 ~ 2022-10-07,서울특별시 노원구 중계동 360-9,37.649542,127.0763583
중소형,제160호,초록마을,테크노벨리직영점,2019-10-08 ~ 2022-10-07,서울특별시 송파구 장지동,37.4773867,127.1285282
중소형,제161호,초록마을,평촌직영점,2019-10-08 ~ 2022-10-07,경기도 안양시 동안구 달안동 1101-2,37.3963545,126.9488333
중소형,제166호,올가홀푸드,반포점,2019-10-08 ~ 2022-10-07,서울특별시 서초구 반포동 58-14,37.5032602,127.0100014
중소형,제167호,올가홀푸드,방배점,2019-10-08 ~ 2022-10-07,서울특별시 서초구 방배로 162,37.4883625,126.9937147
중소형,제168호,올가홀푸드,방이점,2019-10-08 ~ 2022-10-07,서울특별시 송파구 방이동 185-8,37.5103733,127.1262998
중소형,제169호,올가홀푸드,압구정점,2019-10-08 ~ 2022-10-07,서울특별시 강남구 압구정동 481,37.5307261,127.0352887
중소형,제170호,두레생협,상동점,2019-11-19 ~ 2022-11-18,경기도 부천시 원미구 상동 401-1 송내부건프라자 101호,37.4912607,126.7531946
중소형,제171호,두레생협,은행점,2019-11-19 ~ 2022-11-18,경기도 시흥시 은행동 537-1 은행프라자 101호,37.4440265,126.7976102
대형,제187호,롯데마트,계양점,2019-11-19 ~ 2022-11-18,인천광역시 계양구 장제로 822,37.5406983,126.7360097
대형,제188호,롯데마트,남원점,2019-11-19 ~ 2022-11-18,전라북도 남원시 향교동 춘향로 96,35.4315495,127.3837685
대형,제189호,롯데마트,부평역점,2019-11-19 ~ 2022-11-18,인천광역시 부평구 부평동 광장로 16 민자상가 2층,37.4897746,126.7233082
대형,제191호,롯데마트,상당점,2019-11-19 ~ 2022-11-18,충청북도 청주시 용암동 2634,36.6204046,127.5161182
대형,제194호,롯데마트,시티세븐점,2019-11-19 ~ 2022-11-18,경상남도 창원시 의창구 두대동 333,35.2395289,128.6556374
대형,제195호,롯데마트,시화점,2019-11-19 ~ 2022-11-18,경기도 시흥시 마유로238번길 26,37.3374862,126.7304654
대형,제197호,롯데마트,영통점,2019-11-19 ~ 2022-11-18,경기도 수원시 영통구 봉영로 1579,37.2527036,127.0716535
대형,제198호,롯데마트,월드컵점,2019-11-19 ~ 2022-11-18,광주광역시 서구 풍암동 금화로 240,35.1329733,126.8755729
대형,제202호,이마트,문현점,2020-05-27 ~ 2023-05-26,부산광역시 남구 전포대로91번길 47,35.1443594,129.0642591
대형,제203호,이마트,해운대점,2020-05-27 ~ 2023-05-26,부산광역시 해운대구 중1동 1767,35.1659937,129.1673879
대형,제217호,이마트,군산점,2020-08-22 ~ 2023-08-21,전라북도 군산시 경암동 구암3.1로 137,35.9827419,126.7348656
대형,제219호,이마트,비산점,2020-08-22 ~ 2023-08-21,경기도 안양시 동안구 비산동 411-8,37.3983409,126.9352933
대형,제220호,이마트,안산점,2020-08-22 ~ 2023-08-21,경기도 안산시 단원구 원포공원1로 46,37.3031255,126.812847
대형,제221호,이마트,양재점,2020-08-22 ~ 2023-08-21,서울특별시 서초구 매헌로 16,37.4629528,127.0369582
대형,제222호,이마트,익산점,2020-08-22 ~ 2023-08-21,전라북도 익산시 평동로 705,35.9301951,126.9576491
대형,제223호,이마트,진접점,2020-08-22 ~ 2023-08-21,경기도 남양주시 금강로유연들1길 154 KR,37.7088559,127.1820536
대형,제224호,이마트,칠성점,2020-08-22 ~ 2023-08-21,대구광역시 북구 침산로 93,35.8851982,128.5898126
대형,제225호,이마트,파주점,2020-08-22 ~ 2023-08-21,경기도 파주시 당하길 10,37.7469201,126.751036
대형,제226호,이마트,포항점,2020-08-22 ~ 2023-08-21,경상북도 포항시 남구 냉천로 10,35.9920307,129.3980639
대형,제227호,이마트,순천점,2020-11-24 ~ 2023-11-23,전라남도 순천시 조례동 1805 1번지 KR,34.9572634,127.532626
대형,제228호,이마트,왕십리점,2020-11-24 ~ 2023-11-23,서울특별시 성동구 왕십리광장로 17,37.5621482,127.0379421
대형,제229호,이마트,창원점,2020-11-24 ~ 2023-11-23,경상남도 창원시 성산구 중앙동 91 KR,35.2266376,128.6801916
대형,제230호,이마트,천안서북점,2020-11-24 ~ 2023-11-23,충청남도 천안시 서북구 삼성대로 20,36.838181,127.1578183
대형,제231호,이마트,천안터미널점,2020-11-24 ~ 2023-11-23,충청남도 천안시 동남구 신부동 만남로 43 KR 지번) 신부동 354-1 이마트 천안터미널점,36.8194099,127.1556344
대형,제232호,이마트,파주운정점,2020-11-24 ~ 2023-11-23,경기도 파주시 운정3동 한울로 123 KR,37.7106854,126.7454839
중소형,제234호,초록마을,목동파리공원점,2020-11-24 ~ 2023-11-23,서울특별시 양천구 목동 907-17,37.5355702,126.8787085
중소형,제235호,초록마을,분당이매점,2020-11-24 ~ 2023-11-23,경기도 성남시 분당구 미금로 48,37.3375066,127.116529
중소형,제236호,초록마을,삼양점,2020-11-24 ~ 2023-11-23,서울특별시 동작구 상도동 134-531,37.4949074,126.9522236
중소형,제237호,초록마을,상암점,2020-11-24 ~ 2023-11-23,서울특별시 마포구 상암산로1길 73,37.5801191,126.8831954
중소형,제238호,초록마을,서초점,2020-11-24 ~ 2023-11-23,서울특별시 서초구 반포동 55-4,37.5029698,127.0104078
중소형,제239호,초록마을,수내점,2020-11-24 ~ 2023-11-23,경기도 성남시 분당구 수내2동 58-5,37.3734611,127.1202398
중소형,제240호,초록마을,수원정자점,2020-11-24 ~ 2023-11-23,경기도 수원시 장안구 정자동 600-31번지 102호,37.3070387,126.9857638
중소형,제242호,초록마을,압구정점,2020-11-24 ~ 2023-11-23,서울특별시 강남구 대치1동,37.4932114,127.0567416
중소형,제243호,초록마을,월평점,2020-11-24 ~ 2023-11-23,대전광역시 서구 둔산3동 1822,36.3510151,127.3978173
중소형,제244호,초록마을,자양점,2020-11-24 ~ 2023-11-23,서울특별시 광진구 자양동 553-501 후면 삼희빌딩 1층,37.5342626,127.0712947
중소형,제245호,초록마을,주엽점,2020-11-24 ~ 2023-11-23,일산서구 주엽동 17번지 1층 고양시 경기도 KR,37.6724029,126.7573213
중소형,제246호,초록마을,화명점,2020-11-24 ~ 2023-11-23,부산광역시 북구 화명3동 2301-8,35.2305899,129.0098969
중소형,제247호,초록마을,현대시장점,2020-11-24 ~ 2023-11-23,서울특별시 관악구 봉천동 463-3,37.4864085,126.9472347
대형,제265호,롯데마트,안성점,2021-05-27 ~ 2024-05-26,경기도 안성시 공도읍 서동대로 4478,37.0079613,127.1995104
대형,제267호,이마트,경산점,2021-05-27 ~ 2024-05-26,경상북도 경산시 중산동 옥산로 227,35.8348664,128.720196
대형,제268호,이마트,다산점(도농점),2021-05-27 ~ 2024-05-26,경기도 남양주시 도농동 도농로 24,37.60841,127.1586827
대형,제269호,이마트,신도림점,2021-05-27 ~ 2024-05-26,서울특별시 구로구 새말로 97,37.5070431,126.8902185
대형,제270호,이마트,연제점,2021-05-27 ~ 2024-05-26,부산광역시 연제구 연수로 89,35.1761533,129.081336
대형,제271호,이마트,여수점,2021-05-27 ~ 2024-05-26,전라남도 여수시 오림동 405-1,34.7579142,127.7150203
대형,제272호,이마트,자양점,2021-05-27 ~ 2024-05-26,서울특별시 광진구 아차산로 272,37.5376127,127.0726183
대형,제278호,롯데마트,김천점,2021-12-08 ~ 2024-12-07,경상북도 김천시 신음동 470,36.1359303,128.1178844
대형,제279호,롯데마트,나주점,2021-12-08 ~ 2024-12-07,전라남도 나주시 송월동 내동길 15,35.0134842,126.7119553
대형,제283호,롯데마트,수원점,2021-12-08 ~ 2024-12-07,경기도 수원시 권선구 세화로 134,37.2653782,126.9959828
대형,제284호,롯데마트,신갈점,2021-12-08 ~ 2024-12-07,경기도 용인시 기흥구 신갈동 중부대로 375,37.2833789,127.1017312
대형,제285호,롯데마트,월드타워점,2021-12-08 ~ 2024-12-07,서울특별시 송파구 올림픽로 300 지하 2층,37.5134449,127.1041611
대형,제287호,롯데마트,주엽점,2021-12-08 ~ 2024-12-07,경기도 고양시 일산서구 중앙로 1496,37.6733388,126.7553321
중소형,제292호,초록마을,동천점,2021-12-08-2024-12-07,수지구 동천동 944번지 훼미리프라자 106호 용인시 경기도 KR,37.3363541,127.0916512
중소형,제293호,초록마을,부산거제점,2021-12-08-2024-12-07,부산광역시 연제구 아시아드대로 106,35.1940462,129.0670501
중소형,제294호,초록마을,삼성점,2021-12-08-2024-12-07,서울특별시 강남구 삼성동 27,37.5149021,127.0475259
중소형,제296호,초록마을,세종점,2021-12-08-2024-12-07,서울특별시 강남구 도곡동 527,37.4936848,127.0507447
중소형,제297호,초록마을,소하점,2021-12-08-2024-12-07,경기도 광명시 철산동 245-1,37.4774645,126.8687338
중소형,제298호,초록마을,양천구청점,2021-12-08-2024-12-07,KR 서울특별시 양천구 신정동 323-9번지 이스타빌비3차아파트 103호,37.5160389,126.8625378
중소형,제300호,초록마을,운암점,2021-12-08-2024-12-07,광주광역시 북구 운암동 1041-3,35.1823048,126.8722633
중소형,제302호,초록마을,좌동점,2021-12-08-2024-12-07,지하 1층 30-1 KR 부산광역시 해운대구 좌동순환로 433번길 H마트 안,35.1625652,129.1799608
중소형,제303호,초록마을,창원대방점,2021-12-08-2024-12-07,경상남도 창원시 성산구 대방동 356,35.2135602,128.7069133
중소형,제306호,초록마을,포항창포점,2021-12-08-2024-12-07,경상북도 포항시 북구 두호동 1053-3,36.0602061,129.3738648
중소형,제307호,초록마을,해운대점,2021-12-08-2024-12-07,부산광역시 해운대구 우동 1388-4,35.1602959,129.1465531
대형,제317호,이마트,광교점,2022-02-26 ~ 2025-02-25,경기도 수원시 영통구 광교로 191,37.2981742,127.0460589
대형,제320호,롯데마트,사하점,2019-09-08 ~ 2022-09-07,부산광역시 사하구 을숙도대로 610,35.0848397,128.9715769
대형,제321호,롯데마트,장유점,2019-09-08 ~ 2022-09-07,경상남도 김해시 번화1로56번길 15,35.1930323,128.8013109
중소형,제322호,초록마을,가재울직영점,2019-09-08 ~ 2022-09-07,경상남도 김해시 장유면 삼문리 39-6,35.2026126,128.8076582
중소형,제323호,초록마을,간석직영점,2019-09-08 ~ 2022-09-07,간석동 939-1번지 남동구 인천광역시 KR,37.4589063,126.710533
중소형,제324호,초록마을,구미옥계직영점,2019-09-08 ~ 2022-09-07,경상북도 구미시 옥계북로 54,36.1379634,128.4234923
중소형,제325호,초록마을,내손직영점,2019-09-08 ~ 2022-09-07,경기도 안양시 동안구 평촌동,37.3895286,126.9737526
중소형,제326호,초록마을,대치역직영점,2019-09-08 ~ 2022-09-07,서울특별시 강남구 대치2동 도곡로 516,37.4991258,127.0629873
중소형,제329호,초록마을,상인직영점,2019-09-08 ~ 2022-09-07,대구광역시 달서구 상인동 800-101번지 1층,35.8224054,128.544864
중소형,제331호,초록마을,송파위례직영점,2019-09-08 ~ 2022-09-07,서울특별시 송파구 장지동,37.4773867,127.1285282
중소형,제333호,초록마을,첨단직영점,2019-09-08 ~ 2022-09-07,서울특별시 성동구 금호동1가 1755,37.5516256,127.0257166
중소형,제334호,초록마을,거제아주점,2019-10-14 ~ 2022-10-13,경상남도 거제시 아주동 1230,34.8655917,128.6861213
중소형,제335호,초록마을,계룡엄사점,2019-10-14 ~ 2022-10-13,충청남도 계룡시 엄사면 엄사리,36.2863984,127.2388004
중소형,제338호,초록마을,군산나운점,2019-10-14 ~ 2022-10-13,전라북도 군산시 나운동 834-6,35.9657878,126.6993065
중소형,제339호,초록마을,군산수송점,2019-10-14 ~ 2022-10-13,전라북도 군산시 수송동 841,35.9664625,126.7194759
중소형,제340호,초록마을,김해장유점,2019-10-14 ~ 2022-10-13,경상남도 김해시 장유면 삼문리 39-6,35.2026126,128.8076582
중소형,제341호,초록마을,대구송현점,2019-10-14 ~ 2022-10-13,대구광역시 달서구 구마로40길 61,35.8342701,128.54889
중소형,제343호,초록마을,대전가오점,2019-10-14 ~ 2022-10-13,대전광역시 서구 도안동 1246,36.3200919,127.3437897
중소형,제344호,초록마을,대전관저점,2019-10-14 ~ 2022-10-13,대전광역시 서구 관저동,36.2944985,127.3329295
중소형,제347호,초록마을,대전탄방점,2019-10-14 ~ 2022-10-13,대전광역시 서구 탄방동 둔산남로 108,36.3486909,127.3894906
중소형,제351호,초록마을,부산대연점,2019-10-14 ~ 2022-10-13,부산광역시 남구 대연3동 71-1,35.1390396,129.1032457
중소형,제354호,초록마을,삼선교점,2019-10-14 ~ 2022-10-13,서울특별시 성북구 동소문동1가 20,37.5888666,127.0062903
중소형,제358호,초록마을,수원광교점,2019-10-14 ~ 2022-10-13,경기도 수원시 영통구 이의동,37.3042402,127.047337
중소형,제362호,초록마을,여수학동점,2019-10-14 ~ 2022-10-13,전라남도 여수시 학동 51-8,34.7659818,127.6599105
중소형,제364호,초록마을,의정부신곡점,2019-10-14 ~ 2022-10-13,경기도 의정부시 신곡동,37.7351108,127.0630256
중소형,제365호,초록마을,인덕원점,2019-10-14 ~ 2022-10-13,경기도 안양시 동안구 평촌동 69-1 KR 평촌주민센타앞,37.3946695,126.976568
중소형,제366호,초록마을,인천논현점,2019-10-14 ~ 2022-10-13,논현동 624-8번지 남동구 인천광역시 KR,37.4021913,126.7227887
중소형,제369호,초록마을,전주포스코점,2019-10-14 ~ 2022-10-13,전라북도 전주시 완산구 효자동3가 1459-4,35.8340779,127.1006955
중소형,제371호,초록마을,청주복대점,2019-10-14 ~ 2022-10-13,충청북도 청주시 흥덕구 복대동 3379,36.6440331,127.4248313
중소형,제372호,초록마을,청주용담점,2019-10-14 ~ 2022-10-13,충청북도 청주시 상당구 용담동 409,36.6322351,127.5061104
중소형,제373호,초록마을,청주율량점,2019-10-14 ~ 2022-10-13,충청북도 청주시 상당구 율량동 912,36.6685458,127.4882501
중소형,제375호,초록마을,평택점,2019-10-14 ~ 2022-10-13,경기도 평택시 비전2동 829-1,36.995646,127.1111928
대형,제376호,롯데마트,마산점,2019-11-18 ~ 2022-11-17,경상남도 창원시 마산합포구 창포동3가 8-1,35.1813055,128.5607439
대형,제378호,롯데마트,서산점,2019-11-18 ~ 2022-11-17,충청남도 서산시 충의로 27,36.7735212,126.4386374
대형,제381호,롯데마트,익산점,2019-11-18 ~ 2022-11-17,전라북도 익산시 영등동 무왕로 1053,35.9559394,126.9722179
대형,제382호,롯데마트,제천점,2019-11-18 ~ 2022-11-17,충청북도 제천시 용두대로 111 KR,37.1401046,128.2007689
대형,제385호,롯데마트,화명점,2019-11-18 ~ 2022-11-17,부산광역시 북구 화명대로 47,35.2351734,129.01302
중소형,제386호,홈플러스,가야점,2019-12-08 ~ 2022-12-07,부산광역시 부산진구 가야대로 506,35.1524663,129.0273205
중소형,제387호,홈플러스,금천점,2019-12-08 ~ 2022-12-07,서울특별시 금천구 시흥대로 391,37.4686493,126.8968106
중소형,제390호,홈플러스,부천상동점,2019-12-08 ~ 2022-12-07,경기도 부천시 길주로 118,37.5035125,126.7550458
중소형,제391호,홈플러스,영등포점,2019-12-08 ~ 2022-12-07,서울특별시 영등포구 당산로 42,37.5181712,126.8959156
중소형,제392호,홈플러스,영통점,2019-12-08 ~ 2022-12-07,경기도 수원시 영통구 영통동 봉영로 1576,37.251781,127.0725948
중소형,제393호,홈플러스,의정부점,2019-12-08 ~ 2022-12-07,경기도 의정부시 금오동 청사로 38,37.7521309,127.0710005
중소형,제396호,홈플러스,가좌점,2020-05-24 ~ 2023-05-23,인천광역시 서구 가정로151번길 11,37.4975674,126.6706903
중소형,제398호,홈플러스,경기하남점,2020-05-24 ~ 2023-05-23,경기도 하남시 신장동 570,37.5379631,127.2125925
중소형,제399호,홈플러스,계산점,2020-05-24 ~ 2023-05-23,인천광역시 계양구 오조산공원로 14,37.5394297,126.736176
중소형,제400호,홈플러스,구월점,2020-05-24 ~ 2023-05-23,인천광역시 남동구 구월1동 1130 지하 1층,37.4516923,126.7019408
중소형,제402호,홈플러스,병점점,2020-05-24 ~ 2023-05-23,경기도 화성시 경기대로 985,37.2037172,127.0367495
중소형,제408호,홈플러스,원천점,2020-05-24 ~ 2023-05-23,경기도 수원시 영통구 원천동 177-1,37.2700194,127.0635891
중소형,제409호,홈플러스,월드컵점,2020-05-24 ~ 2023-05-23,서울특별시 마포구 월드컵로 240,37.5677584,126.8981147
중소형,제410호,홈플러스,인천논현점,2020-05-24 ~ 2023-05-23,인천광역시 남동구 청능대로 596,37.4004201,126.725561
중소형,제411호,홈플러스,인천숭의점,2020-05-24 ~ 2023-05-23,인천광역시 남구 석정로 51,37.4649629,126.6706778
중소형,제414호,초록마을,관악로직영점,2020-10-17 ~ 2023-10-16,서울특별시 관악구 봉천동 25-10,37.4845367,126.9565362
중소형,제419호,초록마을,당산직영점,2020-10-17 ~ 2023-10-16,서울특별시 영등포구 당산로44길 3,37.5318517,126.901043
중소형,제420호,초록마을,대구노변점,2020-10-17 ~ 2023-10-16,대구광역시 수성구 노변동 13-11,35.8406959,128.7008673
중소형,제424호,초록마을,부산장전점,2020-10-17 ~ 2023-10-16,부산광역시 금정구 부곡동 235-1,35.2346577,129.0912292
중소형,제425호,초록마을,북아현점,2020-10-17 ~ 2023-10-16,서울특별시 서대문구 북아현동 160-4,37.5589841,126.9534616
중소형,제427호,초록마을,서울금호점,2020-10-17 ~ 2023-10-16,서울특별시 성동구 금호동1가 1755,37.5516256,127.0257166
중소형,제428호,초록마을,세종새롬직영점,2020-10-17 ~ 2023-10-16,경기도 수원시 영통구 영통동 968,37.2509574,127.0653738
중소형,제429호,초록마을,소사벌점,2020-10-17 ~ 2023-10-16,경기도 평택시 비전2동 829-1,36.995646,127.1111928
중소형,제430호,초록마을,송도월드점,2020-10-17 ~ 2023-10-16,인천광역시 연수구 송도동,37.3839118,126.6438546
중소형,제432호,초록마을,순천법원점,2020-10-17 ~ 2023-10-16,전라남도 순천시 조례동 987-7,34.96053,127.5193909
중소형,제434호,초록마을,신천1점,2020-10-17 ~ 2023-10-16,서울특별시 송파구 올림픽로 105,37.5120643,127.0824157
중소형,제435호,초록마을,안동옥동점,2020-10-17 ~ 2023-10-16,경기도 수원시 영통구 웰빙타운로 49번길36,37.3055753,127.0467413
중소형,제437호,초록마을,여수소호점,2020-10-17 ~ 2023-10-16,전라남도 여수시 소호동 358-3,34.7457265,127.6536361
중소형,제440호,초록마을,이천갈산점,2020-10-17 ~ 2023-10-16,경기도 이천시 갈산동 592-54,37.2851841,127.4562443
중소형,제441호,초록마을,인천서창점,2020-10-17 ~ 2023-10-16,인천광역시 남동구 장수서창동 664-3,37.4517798,126.7474522
중소형,제445호,초록마을,청라호수공원점,2020-10-17 ~ 2023-10-16,인천광역시 서구 석남3동 서달로123번안길,37.5085511,126.6779131
중소형,제446호,초록마을,청주금천점,2020-10-17 ~ 2023-10-16,충청북도 청주시 상당구 용담동 409,36.6322351,127.5061104
중소형,제447호,초록마을,홍제직영점,2020-10-17 ~ 2023-10-16,서울특별시 서대문구 홍제2동 139-12,37.586332,126.9471435
중소형,제448호,생활협동조합,부산 YWCA 생활협동조합,2020-11-14 ~ 2023-11-13,부산광역시 동구 중앙대로 298,35.1231379,129.0443787
중소형,제450호,에코언니야,에코언니야,2020-11-14 ~ 2023-11-13,부산광역시 금정구 구서동 415-3,35.2459204,129.0907176
중소형,제452호,올가홀푸드,이매점,2020-11-13 ~ 2023-11-12,경기도 성남시 분당구 이매1동 115-4,37.3949611,127.1263741
중소형,제454호,홈플러스,대구수성점,2020-12-11 ~ 2023-12-10,대구광역시 수성구 동대구로 95,35.83871,128.6230423
대형,제473호,롯데마트,은평점,2021-05-25 ~ 2024-05-24,서울특별시 은평구 통일로 1050,37.6123992,126.9292744
대형,제474호,롯데마트,제주점,2021-05-25 ~ 2024-05-24,제주특별자치도 제주시 연북로 1,33.4824201,126.4819325
중소형,제475호,바이올가,경희궁자이점,2021-05-25 ~ 2024-05-24,서울특별시 종로구 교북동 12-1 경희궁자이 4단지,37.5716126,126.9613687
중소형,제477호,바이올가,대구남산점,2021-05-25 ~ 2024-05-24,대구광역시 수성구 수성동1가 272-11,35.8544395,128.6102694
중소형,제478호,바이올가,대구수성점,2021-05-25 ~ 2024-05-24,대구광역시 수성구 수성동1가 272-11,35.8544395,128.6102694
중소형,제482호,바이올가,인천송도점,2021-05-25 ~ 2024-05-24,인천광역시 연수구 송도동 20-14,37.3839118,126.6438546
중소형,제483호,바이올가,일산식사점,2021-05-25 ~ 2024-05-24,경기도 고양시 일산서구 주엽동,37.6716677,126.7605095
중소형,제484호,바이올가,제주이도점,2021-05-25 ~ 2024-05-24,제주특별자치도 제주시 아라동 구남동5길 42,33.4901862,126.5402105
중소형,제486호,바이올가,청주율량점,2021-05-25 ~ 2024-05-24,충청북도 청주시 상당구 율량동 1315,36.6677517,127.4838287
중소형,제501호,대림할인마트,안산점,2021-08-23 ~ 2024-08-22,경기도 안산시 상록구 이동 매화로1길 47,37.3057484,126.8603132
중소형,제502호,현대마트,안산점,2021-08-23 ~ 2024-08-22,경기도 안산시 단원구 원곡동 788-8번지 101동 102호,37.3289036,126.7897818
대형,제503호,롯데마트,노은점,2021-08-23 ~ 2024-08-22,대전광역시 유성구 북유성대로 206,36.3843091,127.3215537
대형,제504호,롯데마트,서울역점,2021-08-23 ~ 2024-08-22,서울특별시 중구 한강대로 405,37.555042,126.9695336
대형,제506호,롯데마트,중계점,2021-08-23 ~ 2024-08-22,서울특별시 노원구 노원로 330,37.6466623,127.0709672
중소형,제510호,바이올가,서귀포영어마을점,2021-08-23 ~ 2024-08-22,제주특별자치도 서귀포시 대정읍 구억리 산11,33.2893347,126.2836308
중소형,제512호,바이올가,속초교동점,2021-08-23 ~ 2024-08-22,강원도 속초시 교동 620-32,38.207883,128.5774827
중소형,제514호,바이올가,영월점,2021-08-23 ~ 2024-08-22,강원도 영월군 영월읍 하송리 187-1,37.1830882,128.4654162
중소형,제519호,금관공판장,청주점,2021-11-08 ~ 2024-11-07,충청북도 청주시 흥덕구 복대1동 242-2,36.6371173,127.4369183
중소형,제521호,병운할인마트,청주점,2021-11-08 ~ 2024-11-07,충청북도 청주시 흥덕구 사직1동 265-9,36.6365459,127.4770312
중소형,제524호,서울유통,안산점,2021-11-08 ~ 2024-11-07,경기도 안산시 단원구 선부2동 1049-8,37.3458891,126.8047331
중소형,제526호,성지마트,청주점,2021-11-08 ~ 2024-11-07,충청북도 청주시 상당구 탑동 155-8,36.6260561,127.4959216
중소형,제527호,신율편의마트,청주점,2021-11-08 ~ 2024-11-07,충청북도 청주시 흥덕구 가경동 1416-2,36.6268218,127.4317494
중소형,제528호,우신슈퍼,안산점,2021-11-08 ~ 2024-11-07,경기도 안산시 단원구 원곡2동 846-3,37.3271917,126.8008523
중소형,제529호,홈플러스,거제점,2022-02-22 ~ 2025-02-21,경상남도 거제시 장평로 12 KR,34.8911104,128.616421
중소형,제530호,홈플러스,고양터미널점,2022-02-22 ~ 2025-02-21,경기도 고양시 일산동구 백석1동 중앙로 1036,37.6432013,126.7897215
중소형,제531호,홈플러스,내당점,2022-02-22 ~ 2025-02-21,대구광역시 서구 내당1동 65-6,35.8606036,128.5635906
중소형,제533호,홈플러스,동광주점,2022-02-22 ~ 2025-02-21,광주광역시 북구 두암동 575-1,35.1794552,126.9304542
중소형,제534호,홈플러스,마산점,2022-02-22 ~ 2025-02-21,경상남도 창원시 마산회원구 삼호로 56,35.2226108,128.5857659
중소형,제535호,홈플러스,목포점,2022-02-22 ~ 2025-02-21,전라남도 목포시 영산로 313,34.8059169,126.3996951
중소형,제537호,홈플러스,방학점,2022-02-22 ~ 2025-02-21,서울특별시 도봉구 도봉로 678,37.6648183,127.0435994
중소형,제538호,홈플러스,부산연산점,2022-02-22 ~ 2025-02-21,부산광역시 연제구 배산로 10,35.1742027,129.0931872
중소형,제539호,홈플러스,서면점,2022-02-22 ~ 2025-02-21,부산광역시 부산진구 동천로 4,35.1495471,129.0648567
중소형,제540호,홈플러스,서부산점,2022-02-22 ~ 2025-02-21,부산광역시 사상구 괘법동 광장로 7,35.1643625,128.9780222
중소형,제541호,홈플러스,송탄점,2022-02-22 ~ 2025-02-21,경기도 평택시 경기대로 1103,37.0449989,127.0595265
중소형,제542호,홈플러스,순천점,2022-02-22 ~ 2025-02-21,전라남도 순천시 풍덕동 300,34.939919,127.5087775
중소형,제543호,홈플러스,신도림점,2022-02-22 ~ 2025-02-21,서울특별시 구로구 경인로 661,37.5093957,126.8877258
중소형,제544호,홈플러스,안양점,2022-02-22 ~ 2025-02-21,경기도 안양시 동안구 호계동 555-9,37.3710995,126.9509572
중소형,제546호,홈플러스,일산점,2022-02-22 ~ 2025-02-21,경기도 고양시 일산동구 장항동 중앙로1275번길 64,37.6590106,126.7688507
중소형,제547호,홈플러스,전주완산점,2022-02-22 ~ 2025-02-21,전라북도 전주시 완산구 기린대로 170,35.8237098,127.1500613
중소형,제548호,홈플러스,전주효자점,2022-02-22 ~ 2025-02-21,전라북도 전주시 완산구 효자동1가 431-5,35.806564,127.1140752
중소형,제549호,홈플러스,천안신방점,2022-02-22 ~ 2025-02-21,충청남도 천안시 동남구 신촌1길 23,36.7871202,127.1205669
중소형,제550호,홈플러스,평택안중점,2022-02-22 ~ 2025-02-21,경기도 평택시 안중읍 서동대로 1489,36.9901995,126.91638
중소형,제551호,홈플러스,포천송우점,2022-02-22 ~ 2025-02-21,경기도 포천시 소흘읍 솔모루로 9,37.8242646,127.1412717
중소형,제552호,홈플러스,포항점,2022-02-22 ~ 2025-02-21,경상북도 포항시 남구 상도동 중흥로 77,36.0127506,129.348903
중소형,제553호,홈플러스,화성동탄점,2022-02-22 ~ 2025-02-21,경기도 화성시 동탄중앙로 200,37.202769,127.0684906
중소형,제554호,바이올가,김천혁신도시점,2019-05-15 ~ 2022-05-14,경상북도 김천시 남면 혁신3로 17,36.1079026,128.1895025
중소형,제555호,바이올가,대전관저점,2019-05-15 ~ 2022-05-14,관저동 1008번지 리틀파워죤 1층 60호 서구 대전광역시 KR,36.3008798,127.3354219
대형,제563호,신세계백화점,경기점,2019-05-15 ~ 2022-05-14,경기도 용인시 수지구 포은대로 536,37.3249213,127.1081315
대형,제564호,신세계백화점,영등포점,2019-05-15 ~ 2022-05-14,서울특별시 영등포구 영중로 9,37.5171482,126.9055629
대형,제565호,신세계백화점,의정부점,2019-05-15 ~ 2022-05-14,경기도 의정부시 의정부동 평화로 525,37.7353974,127.046992
중소형,제566호,노은도매할인마트,본점,2019-09-06 ~ 2022-09-05,대전광역시 유성구 노은동,36.367302,127.3185032
대형,제568호,신세계백화점,강남점,2019-09-06 ~ 2022-09-05,서울특별시 서초구 신반포로 176,37.5041299,127.0030692
대형,제569호,신세계백화점,대구점,2019-09-06 ~ 2022-09-05,서울특별시 중구 명동 소공로 63,37.5609008,126.9809889
대형,제570호,신세계백화점,본점,2019-09-06 ~ 2022-09-05,서울특별시 중구 명동 소공로 63,37.5609008,126.9809889
대형,제571호,신세계백화점,센텀시티점,2019-09-06 ~ 2022-09-05,부산광역시 해운대구 센텀4로 15 센텀시티몰 1층,35.1788264,129.1248781
중소형,제572호,예스마트,안산점,2019-09-06 ~ 2022-09-05,경기도 안산시 단원구 호수동 민속공원로 81,37.3126836,126.8386017
중소형,제573호,진할인마트,세종점,2019-09-06 ~ 2022-09-05,서울특별시 성북구 종암로 65,37.5961696,127.0351896
중소형,제575호,홈마트,안산점,2019-09-06 ~ 2022-09-05,경기도 안산시 단원구 선부2동 1043-16,37.3450507,126.8053095
중소형,제577호,두리유통,대전점,2019-11-14 ~ 2022-11-13,대전광역시 대덕구 오정동 79-3,36.3556166,127.4082375
중소형,제579호,새마을 할인마트,인천점,2019-11-14 ~ 2022-11-13,도천동 344-4번지 통영시 경상남도 KR,34.8409685,128.410998
중소형,제581호,오가닉빅마트,운암점,2019-11-14 ~ 2022-11-13,광주광역시 북구 운암동 68,35.1747941,126.8767747
중소형,제585호,화원마트,청주점,2019-11-14 ~ 2022-11-13,상당구 영운동 125-9번지 청주시 충청북도 KR,36.6192113,127.4967387
중소형,제589호,경동나비엔,세종점,2020-05-14 ~ 2023-05-13,경상남도 김해시 칠산서부동 흥동로171번길 22,35.2229972,128.8695462
대형,제594호,롯데마트,서청주점,2020-05-14 ~ 2023-05-13,충청북도 청주시 흥덕구 비하동,36.6307795,127.4175428
대형,제595호,롯데마트,원주점,2020-05-14 ~ 2023-05-13,강원도 원주시 단계동 1123,37.3456011,127.9274613
대형,제596호,롯데마트,화정점,2020-05-14 ~ 2023-05-13,경기도 고양시 덕양구 화정2동 화중로 66,37.6329073,126.8311083
중소형,제598호,에코생협,종로점,2020-05-14 ~ 2023-05-13,서울특별시 종로구 누하동 251,37.578048,126.9691068
중소형,제600호,CU,서초그린점,2020-05-14 ~ 2023-05-13,서울특별시 서초구 잠원동 72-3,37.5081687,127.0036319
중소형,제603호,돼지청과마트,청주점,2020-07-31 ~ 2023-07-30,충청북도 청주시 흥덕구 신봉동 백봉로 254,36.6488779,127.4650614
중소형,제604호,우리홈마트,청주점,2020-07-31 ~ 2023-07-30,충청북도 청주시 서원구 분평동 244-8,36.6109051,127.4837249
중소형,제605호,편의점사랑,청주점,2020-07-31 ~ 2023-07-30,충청북도 청주시 흥덕구 복대1동 231-28,36.6366609,127.4410312
중소형,제606호,편의점사랑,청주신화점,2020-07-31 ~ 2023-07-30,충청북도 청주시 청원구 내덕동 517-13번지 KR,36.6643529,127.4887667
중소형,제607호,풍년공판장,청주점,2020-07-31 ~ 2023-07-30,서원구 개신동 1-13번지 청주시 충청북도 KR,36.6261122,127.4665682
중소형,제608호,초록마을,대전복수점,2020-07-31 ~ 2023-07-30,대전광역시 서구 복수동 648,36.2981922,127.3788218
중소형,제609호,K-마트,대전점,2020-07-31 ~ 2023-07-30,대전광역시 유성구 지족동 884-4,36.3757158,127.3163223
중소형,제612호,뉴월드,서사라점,2020-07-31 ~ 2023-07-30,제주특별자치도 제주시 삼도1동 520,33.5006475,126.5188429
중소형,제613호,뉴월드,신제주점,2020-07-31 ~ 2023-07-30,제주특별자치도 제주시 연동,33.4881257,126.4968963
중소형,제614호,뉴월드,이도점,2020-07-31 ~ 2023-07-30,"3001-5, 아라이동 제주시 제주특별자치도",33.492584,126.5428767
중소형,제615호,뉴월드,화북점,2020-07-31 ~ 2023-07-30,제주특별자치도 제주시 일주동로 233,33.5197394,126.5701983
중소형,제616호,마트로,노형점,2020-07-31 ~ 2023-07-30,제주특별자치도 제주시 노형동 710,33.4823932,126.4830444
중소형,제617호,마트로,일도점,2020-07-31 ~ 2023-07-30,제주특별자치도 제주시 건입동 중앙로 13,33.5168663,126.5256918
중소형,제618호,마트로,탑동점,2020-07-31 ~ 2023-07-30,제주특별자치도 제주시 건입동 중앙로 13,33.5168663,126.5256918
중소형,제619호,홈플러스,강릉점,2020-07-31 ~ 2023-07-30,강원도 강릉시 경강로 2120,37.7556587,128.8986211
중소형,제620호,홈플러스,남양주진접점,2020-07-31 ~ 2023-07-30,경기도 남양주시 진접읍 금강로 1447,37.7215024,127.1887919
중소형,제621호,홈플러스,동수원점,2020-07-31 ~ 2023-07-30,경기도 수원시 인계동 1045,37.2627412,127.0301178
중소형,제622호,홈플러스,문경점,2020-07-31 ~ 2023-07-30,경상북도 문경시 모전로 65,36.5873247,128.1904469
중소형,제623호,홈플러스,보령점,2020-07-31 ~ 2023-07-30,충청남도 보령시 명천동 129,36.3439811,126.6135575
중소형,제624호,홈플러스,안동점,2020-07-31 ~ 2023-07-30,경상북도 안동시 경동로 656,36.5548968,128.7551302
중소형,제625호,홈플러스,안산선부점,2020-07-31 ~ 2023-07-30,경기도 안산시 단원구 삼일로 316,37.3337344,126.8125731
중소형,제626호,홈플러스,원주점,2020-07-31 ~ 2023-07-30,강원도 원주시 관설동 치악로 1489,37.335769,127.9649644
중소형,제627호,홈플러스,장림점,2020-07-31 ~ 2023-07-30,부산광역시 사하구 다대로 225,35.0822777,128.9782104
중소형,제628호,홈플러스,합정점,2020-07-31 ~ 2023-07-30,서울특별시 마포구 양화로 45,37.5489656,126.9134767
중소형,제629호,초록마을,권선아이파크점,2020-08-28 ~ 2023-08-27,경기도 수원시 권선구 권선2동 동수원로145번길 24,37.2511575,127.029557
중소형,제630호,초록마을,길음센터피스점,2020-08-28 ~ 2023-08-27,서울특별시 성북구 길음동 485-14,37.6122886,127.0289749
중소형,제631호,초록마을,남동탄점,2020-08-28 ~ 2023-08-27,경기도 화성시 동탄순환대로 249,37.2098027,127.0587938
중소형,제632호,초록마을,동부이촌점,2020-08-28 ~ 2023-08-27,서울특별시 용산구 이촌동 301-7,37.5196089,126.9786988
중소형,제633호,초록마을,상무점,2020-08-28 ~ 2023-08-27,광주광역시 서구 쌍촌동 번지 1층 1348-1,35.1520351,126.8630202
중소형,제634호,초록마을,신봉점,2020-08-28 ~ 2023-08-27,경기도 용인시 수지구 신봉동 82-3,37.3238887,127.078855
중소형,제635호,초록마을,압구정한양점,2020-08-28 ~ 2023-08-27,서울특별시 강남구 대치2동 도곡로 516,37.4991258,127.0629873
중소형,제636호,초록마을,올림픽공원점,2020-08-28 ~ 2023-08-27,서울특별시 송파구 방이동 89-11,37.5157197,127.1322328
중소형,제637호,초록마을,용인성복점,2020-08-28 ~ 2023-08-27,경기도 용인시 수지구 성복동 89,37.3132491,127.0784309
중소형,제638호,초록마을,헬리오시티점,2020-08-28 ~ 2023-08-27,서울특별시 송파구 석촌동 295-9번지 효산빌딩 1층,37.501684,127.1088753
중소형,제639호,CU,상무중흥점,2020-08-28 ~ 2023-08-27,광주광역시 서구 치평로 80,35.1545323,126.8478142
중소형,제640호,그린마트,광주점,2020-11-26 ~ 2023-11-25,광주광역시 남구 구동,35.1468797,126.9100511
중소형,제641호,우리마트,광주점,2020-11-26 ~ 2023-11-25,광주광역시 북구 용봉동 1244-13,35.1781491,126.9011501
중소형,제642호,현대마트로,광주점,2020-11-26 ~ 2023-11-25,광주광역시 서구 풍암동 1096,35.1219583,126.8797473
대형,제644호,신세계백화점,광주점,2021-05-21 ~ 2024-05-20,광주광역시 서구 무진대로 932,35.1597624,126.8803477
중소형,제645호,홈플러스익스프레스,목동점,2021-05-21 ~ 2024-05-20,서울특별시 양천구 목동동로 401 부영그린타운2차,37.5363346,126.8811128
중소형,제646호,에프엠마트,광주점,2021-05-21 ~ 2024-05-20,광주광역시 동구 지산2동 694-47,35.1480865,126.9329555
중소형,제647호,카카오마트,수완점,2021-05-21 ~ 2024-05-20,수완동 1472번지 광산구 광주광역시 KR,35.1897285,126.8269058
중소형,제649호,용인슈퍼,안산점,2021-05-21 ~ 2024-05-20,경기도 용인시 처인구 김량장동 12-8,37.2307165,127.2102329
중소형,제650호,천둥마트,안산점,2021-05-21 ~ 2024-05-20,안산시,37.3218778,126.8308848
중소형,제651호,홈할인마트,안산점,2021-05-21 ~ 2024-05-20,경기도 안산시 상록구 사2동,37.291873,126.8387065
중소형,제652호,B2C할인마트,안산점,2021-05-21 ~ 2024-05-20,경기도 안산시 상록구 이동 도매시장로 24,37.3090307,126.8586009
중소형,제653호,OK마트,세종,2021-09-01 ~ 2024-08-31,경기도 광주시 퇴촌면 광동리 182-1,37.471679,127.3109016
대형,제654호,갤러리아백화점,광교점,2021-09-01 ~ 2024-08-31,경기도 수원시 영통구 광교중앙로 124,37.2854331,127.0599193
중소형,제655호,뉴월드,마트로 원노형점,2021-09-01 ~ 2024-08-31,제주특별자치도 제주시 노형동 1051-4,33.4896407,126.477452
중소형,제656호,뉴월드,마트로 센트럴점,2021-09-01 ~ 2024-08-31,제주특별자치도 제주시 이도이동 1996-5,33.4906562,126.5371244
중소형,제657호,대영마트,대전점,2021-09-01 ~ 2024-08-31,대전광역시 유성구 원내동 33-19,36.3016987,127.3233076
대형,제658호,롯데마트,청량리점,2021-09-01 ~ 2024-08-31,서울특별시 동대문구 왕산로 214,37.5792928,127.0479007
대형,제659호,롯데마트,부평점,2021-09-01 ~ 2024-08-31,인천광역시 부평구 마장로 296,37.5049762,126.7040634
대형,제660호,롯데마트,영종도점,2021-09-01 ~ 2024-08-31,인천광역시 중구 운서동 2803-2,37.4722539,126.4688958
대형,제661호,롯데마트,안산점,2021-09-01 ~ 2024-08-31,경기도 안산시 상록구 성포동 항가울로 422,37.3171241,126.8479131
대형,제662호,롯데마트,의왕점,2021-09-01 ~ 2024-08-31,경기도 의왕시 내손동 743,37.3805035,126.9728853
대형,제663호,롯데마트,진해점,2021-09-01 ~ 2024-08-31,"경상남도 Jinhae, 석동 543-5",35.1581479,128.6988018
대형,제664호,롯데마트,춘천점,2021-09-01 ~ 2024-08-31,강원도 춘천시 온의동 방송길 84,37.8685399,127.7180797
대형,제665호,롯데마트,당진점,2021-09-01 ~ 2024-08-31,충청남도 당진시 원당동 정안로 20,36.9055041,126.6462036
대형,제666호,롯데마트,성정점,2021-09-01 ~ 2024-08-31,충청남도 천안시 서북구 성정두정로 1,36.8262462,127.1400882
대형,제667호,롯데마트,평택점,2021-09-01 ~ 2024-08-31,경기도 평택시 평택5로 30,36.9883806,127.11173
대형,제668호,롯데마트,상무점,2021-09-01 ~ 2024-08-31,광주광역시 서구 시청로 40,35.1523726,126.8523783
대형,제669호,롯데마트,군산점,2021-09-01 ~ 2024-08-31,전라북도 군산시 수송동 210-1,35.9645363,126.7164139
중소형,제671호,웰마트,세종점,2021-09-01 ~ 2024-08-31,충청남도 연기군 조치원읍 정리 66-2,36.5988747,127.2993996
중소형,제672호,장터할인마트,대전점,2021-09-01 ~ 2024-08-31,대전광역시 동구 가양2동 52-2,36.3499824,127.4503948
중소형,제673호,지구별수호대(정약용컴퍼니),인천점,2021-09-01 ~ 2024-08-31,인천광역시 서구 마전동 915-1번지 우선프라자 108호,37.6043287,126.6592468
중소형,제675호,초록마을,원주혁신점,2021-09-01 ~ 2024-08-31,강원도 원주시 반곡동 1767-22,37.3332064,127.9622724
중소형,제677호,초록마을,양주고읍점,2021-09-01 ~ 2024-08-31,경기도 양주시 광사동 657,37.7940446,127.079448
중소형,제682호,초록마을,대전도안점,2021-09-01 ~ 2024-08-31,대전광역시 유성구 상대동,36.3432783,127.3351479
중소형,제683호,초록마을,대전학하점,2021-09-01 ~ 2024-08-31,대전광역시 유성구 상대동,36.3432783,127.3351479
중소형,제684호,초록마을,부산명륜점,2021-09-01 ~ 2024-08-31,명륜동 12-17번지 동래구 부산광역시 KR,35.2158407,129.0873066
중소형,제685호,초록마을,센텀시티점,2021-09-01 ~ 2024-08-31,부산광역시 해운대구 재송동 1200,35.1783761,129.1219704
중소형,제686호,초록마을,울산신정점,2021-09-01 ~ 2024-08-31,울산광역시 남구 신정2동 1639-1,35.5347336,129.2987032
중소형,제687호,초록마을,울산전하점,2021-09-01 ~ 2024-08-31,울산광역시 동구 전하2동 618,35.5123852,129.4269413
중소형,제688호,초록마을,오산원동점,2021-09-01 ~ 2024-08-31,경기도 오산시 원동,37.1409837,127.0796619
중소형,제689호,초록마을,대구만촌점,2021-09-01 ~ 2024-08-31,대구광역시 수성구 만촌동 1356-7,35.8690883,128.6360577
중소형,제690호,초록마을,대구수성구청점,2021-09-01 ~ 2024-08-31,대구광역시 수성구 범어로 61,35.8601789,128.635268
중소형,제691호,초록마을,대구수성점,2021-09-01 ~ 2024-08-31,대구광역시 수성구 범어3동 2148,35.8628786,128.6222083
중소형,제692호,초록마을,대구신서혁신점,2021-09-01 ~ 2024-08-31,대구광역시 수성구 범어로 61,35.8601789,128.635268
중소형,제693호,초록마을,대구월촌점,2021-09-01 ~ 2024-08-31,대구광역시 달서구 송현로7길 10 화성파크드림 1차 상가,35.8215932,128.5454915
중소형,제694호,초록마을,대구율하점,2021-09-01 ~ 2024-08-31,대구광역시 동구 율하동 1160 #104-105,35.8666447,128.6918387
중소형,제695호,초록마을,대구칠곡점,2021-09-01 ~ 2024-08-31,대구광역시 북구 동천동 950,35.9351608,128.5606006
중소형,제696호,초록마을,경북도청점,2021-09-01 ~ 2024-08-31,경상북도 경주시 충효동 2942-5,35.8450915,129.1775965
중소형,제697호,초록마을,구미확장단지점,2021-09-01 ~ 2024-08-31,경상북도 구미시 산동면 신당1로4길 20,36.1604588,128.4254338
중소형,제698호,초록마을,거창점,2021-09-01 ~ 2024-08-31,경상남도 거창군 거창읍 상림리 843-4,35.6872643,127.9034145
중소형,제699호,초록마을,녹번역점,2021-09-01 ~ 2024-08-31,번지 상가 B 동 KR 서울특별시 은평구 녹번동 21-269 힐스테이트녹번 115호,37.6018325,126.9368041
중소형,제700호,초록마을,도곡렉슬점,2021-09-01 ~ 2024-08-31,서울특별시 강남구 도곡동 527,37.4936848,127.0507447
중소형,제701호,초록마을,목동롯데캐슬점,2021-09-01 ~ 2024-08-31,목동 956번지 상가동 지층 126호 롯데캐슬위너 양천구 서울특별시 KR,37.5468869,126.8672611
중소형,제702호,초록마을,목동하이페리온점,2021-09-01 ~ 2024-08-31,서울특별시 양천구 목동동로 393,37.5361386,126.8800227
중소형,제703호,초록마을,불광점,2021-09-01 ~ 2024-08-31,서울특별시 은평구 불광로 64,37.6149092,126.9304818
중소형,제704호,초록마을,서초교대역점,2021-09-01 ~ 2024-08-31,서울특별시 서초구 반포동 55-4,37.5029698,127.0104078
중소형,제705호,초록마을,과천점,2021-09-01 ~ 2024-08-31,경기도 과천시 별양동 1,37.4273488,126.9914147
중소형,제706호,초록마을,광명철산점,2021-09-01 ~ 2024-08-31,경기도 광명시 철산동 245-1,37.4774645,126.8687338
중소형,제707호,초록마을,금천롯데캐슬점,2021-09-01 ~ 2024-08-31,서울특별시 금천구 벚꽃로 30,37.4753403,126.8859359
중소형,제708호,초록마을,순천왕지점,2021-09-01 ~ 2024-08-31,전라남도 순천시 조례동 1833-1,34.9537914,127.5320216
중소형,제709호,초록마을,순천조례점,2021-09-01 ~ 2024-08-31,전라남도 순천시 조례동 987-7,34.96053,127.5193909
중소형,제710호,초록마을,광주동천점,2021-09-01 ~ 2024-08-31,수지구 동천동 944번지 훼미리프라자 106호 용인시 경기도 KR,37.3363541,127.0916512
중소형,제711호,초록마을,광주봉선점,2021-09-01 ~ 2024-08-31,광주광역시 광산구 선암동,35.145817,126.7783542
중소형,제712호,초록마을,나주빛가람중흥점,2021-09-01 ~ 2024-08-31,광주광역시 남구 행암동,35.0991512,126.8870136
중소형,제714호,초록마을,전주서신점,2021-09-01 ~ 2024-08-31,전라북도 전주시 완산구 효자동3가 1609-16,35.8273118,127.1056437
중소형,제716호,GS25,강남프리미엄점,2021-12-07 ~ 2024-12-06,서울특별시 강남구 역삼동 678-5 1층,37.5028687,127.0389781
중소형,제717호,GS25,건국점,2021-12-07 ~ 2024-12-06,서울특별시 광진구 화양동 500-3,37.5450291,127.0750251
중소형,제718호,GS25,동두천 송내점,2021-12-07 ~ 2024-12-06,경기도 동두천시 송내동 664-6,37.8872072,127.0506172
